2017-10-10T23:04:01.795218+00:00,app[web.1]:,AB_TESTING:,A,1507676641773,0,0,gmlzma
2017-10-10T23:04:02.544988+00:00,app[web.1]:,AB_TESTING:,A,1507676642525,0,0,gmlzma
2017-10-10T23:04:04.365505+00:00,app[web.1]:,AB_TESTING:,A,1507676644351,0,0,gmlzma
2017-10-10T23:04:18.182447+00:00,app[web.1]:,AB_TESTING:,A,1507676658702,0,0,syffynje
2017-10-10T23:04:21.915257+00:00,app[web.1]:,AB_TESTING:,A,1507676629753,1507676661916,mp3,mxecwnjp
2017-10-10T23:04:23.561576+00:00,app[web.1]:,AB_TESTING:,A,1507676658702,1507676664091,nav-cta2,syffynje
2017-10-10T23:04:24.372392+00:00,app[web.1]:,AB_TESTING:,A,1507676676720,0,0,wkzexunp
2017-10-10T23:04:30.746593+00:00,app[web.1]:,AB_TESTING:,A,1507676670750,0,0,mxecwnjp
2017-10-10T23:04:34.849154+00:00,app[web.1]:,AB_TESTING:,A,1507676674797,0,0,rmhhdatsq
2017-10-10T23:04:35.733818+00:00,app[web.1]:,AB_TESTING:,A,1507676676435,0,0,czfczzbpav
2017-10-10T23:04:36.497121+00:00,app[web.1]:,AB_TESTING:,A,1507676603521,1507676676462,nav-cta3,nzttndk
2017-10-10T23:04:39.175100+00:00,app[web.1]:,AB_TESTING:,A,1507676603521,1507676679105,nav-cta2,nzttndk
2017-10-10T23:04:39.968821+00:00,app[web.1]:,AB_TESTING:,A,1507676674797,1507676679941,nav-cta3,rmhhdatsq
2017-10-10T23:04:40.482142+00:00,app[web.1]:,AB_TESTING:,A,1507676603521,1507676680469,nav-cta1,nzttndk
2017-10-10T23:04:42.116258+00:00,app[web.1]:,AB_TESTING:,A,1507676682036,0,0,lbhlrlcxwn
2017-10-10T23:04:42.737428+00:00,app[web.1]:,AB_TESTING:,A,1507676670750,1507676682730,nav-cta3,mxecwnjp
2017-10-10T23:04:45.717194+00:00,app[web.1]:,AB_TESTING:,A,1507676685424,0,0,bhepxjsifq
2017-10-10T23:04:56.894175+00:00,app[web.1]:,AB_TESTING:,A,1507676676720,1507676709240,mp3,wkzexunp
2017-10-10T23:05:01.662196+00:00,app[web.1]:,AB_TESTING:,A,1507676713995,0,0,wkzexunp
2017-10-10T23:05:02.824451+00:00,app[web.1]:,AB_TESTING:,A,1507676713995,1507676715161,mp2,wkzexunp
2017-10-10T23:05:07.175101+00:00,app[web.1]:,AB_TESTING:,A,1507676719514,0,0,wkzexunp
2017-10-10T23:05:08.242684+00:00,app[web.1]:,AB_TESTING:,A,1507676682036,1507676708213,mp3,lbhlrlcxwn
2017-10-10T23:05:09.113090+00:00,app[web.1]:,AB_TESTING:,A,1507676708567,0,0,dhgqkxmwz
2017-10-10T23:05:10.400597+00:00,app[web.1]:,AB_TESTING:,A,1507676710112,0,0,bhepxjsifq
2017-10-10T23:05:11.109923+00:00,app[web.1]:,AB_TESTING:,A,1507676711079,0,0,dmrouze
2017-10-10T23:05:11.480443+00:00,app[web.1]:,AB_TESTING:,A,1507676711188,0,0,bhepxjsifq
2017-10-10T23:05:12.370231+00:00,app[web.1]:,AB_TESTING:,A,1507676712081,0,0,bhepxjsifq
2017-10-10T23:05:15.533199+00:00,app[web.1]:,AB_TESTING:,A,1507676715243,0,0,bhepxjsifq
2017-10-10T23:05:15.946393+00:00,app[web.1]:,AB_TESTING:,A,1507676719805,0,0,liyjrjwe
2017-10-10T23:05:16.321190+00:00,app[web.1]:,AB_TESTING:,A,1507676728664,0,0,wkzexunp
2017-10-10T23:05:17.851533+00:00,app[web.1]:,AB_TESTING:,A,1507676717556,0,0,bhepxjsifq
2017-10-10T23:05:19.294698+00:00,app[web.1]:,AB_TESTING:,A,1507676717926,0,0,lmrxtl
2017-10-10T23:05:27.117130+00:00,app[web.1]:,AB_TESTING:,A,1507676727411,0,0,eccahcars
2017-10-10T23:05:29.452981+00:00,app[web.1]:,AB_TESTING:,A,1507676727411,1507676729809,nav-cta1,eccahcars
2017-10-10T23:05:32.206436+00:00,app[web.1]:,AB_TESTING:,A,1507676727411,1507676732559,nav-cta2,eccahcars
2017-10-10T23:05:34.102164+00:00,app[web.1]:,AB_TESTING:,A,1507676727411,1507676734449,nav-cta3,eccahcars
2017-10-10T23:05:49.912885+00:00,app[web.1]:,AB_TESTING:,A,1507676750277,0,0,eccahcars
2017-10-10T23:06:06.703750+00:00,app[web.1]:,AB_TESTING:,A,1507676765766,0,0,peveoz
2017-10-10T23:06:09.885263+00:00,app[web.1]:,AB_TESTING:,A,1507676768949,0,0,peveoz
2017-10-10T23:06:13.065378+00:00,app[web.1]:,AB_TESTING:,A,1507676773042,0,0,htszys
2017-10-10T23:06:13.929397+00:00,app[web.1]:,AB_TESTING:,A,1507676772990,0,0,peveoz
2017-10-10T23:06:18.212403+00:00,app[web.1]:,AB_TESTING:,A,1507676777275,0,0,peveoz
2017-10-10T23:06:19.541298+00:00,app[web.1]:,AB_TESTING:,A,1507676778601,0,0,peveoz
2017-10-10T23:06:23.136493+00:00,app[web.1]:,AB_TESTING:,A,1507676782200,0,0,peveoz
2017-10-10T23:06:24.455137+00:00,app[web.1]:,AB_TESTING:,A,1507676783518,0,0,peveoz
2017-10-10T23:06:39.044660+00:00,app[web.1]:,AB_TESTING:,A,1507676783518,1507676798092,mp1,peveoz
2017-10-10T23:06:41.656469+00:00,app[web.1]:,AB_TESTING:,A,1507676800718,0,0,peveoz
2017-10-10T23:06:43.626262+00:00,app[web.1]:,AB_TESTING:,A,1507676800718,1507676802687,nav-cta1,peveoz
2017-10-10T23:06:45.859778+00:00,app[web.1]:,AB_TESTING:,A,1507676800718,1507676804902,mp2,peveoz
2017-10-10T23:06:47.973164+00:00,app[web.1]:,AB_TESTING:,A,1507676806962,0,0,gcqkwwltw
2017-10-10T23:06:49.074426+00:00,app[web.1]:,AB_TESTING:,A,1507676808311,0,0,vagmecp
2017-10-10T23:06:51.348218+00:00,app[web.1]:,AB_TESTING:,A,1507676810408,0,0,peveoz
2017-10-10T23:06:54.741470+00:00,app[web.1]:,AB_TESTING:,A,1507676810408,1507676813800,nav-cta3,peveoz
2017-10-10T23:06:56.632609+00:00,app[web.1]:,AB_TESTING:,A,1507676810408,1507676815693,mp3,peveoz
2017-10-10T23:06:58.250945+00:00,app[web.1]:,AB_TESTING:,A,1507676820820,0,0,jjaqa
2017-10-10T23:06:58.858309+00:00,app[web.1]:,AB_TESTING:,A,1507676818055,0,0,yivfvv
2017-10-10T23:07:00.545255+00:00,app[web.1]:,AB_TESTING:,A,1507676819600,0,0,peveoz
2017-10-10T23:07:02.106510+00:00,app[web.1]:,AB_TESTING:,A,1507676819600,1507676821167,mp4,peveoz
2017-10-10T23:07:06.005577+00:00,app[web.1]:,AB_TESTING:,A,1507676825070,0,0,peveoz
2017-10-10T23:07:09.997724+00:00,app[web.1]:,AB_TESTING:,A,1507676808311,1507676829233,nav-cta1,vagmecp
2017-10-10T23:07:13.671785+00:00,app[web.1]:,AB_TESTING:,A,1507676808311,1507676833291,nav-cta3,vagmecp
2017-10-10T23:07:13.766720+00:00,app[web.1]:,AB_TESTING:,A,1507676835320,0,0,zrbftyoj
2017-10-10T23:07:13.799550+00:00,app[web.1]:,AB_TESTING:,A,1507676833092,0,0,bdiqlpo
2017-10-10T23:07:14.707723+00:00,app[web.1]:,AB_TESTING:,A,1507676833816,0,0,sagkgk
2017-10-10T23:07:15.545052+00:00,app[web.1]:,AB_TESTING:,A,1507676808311,1507676835167,mp2,vagmecp
2017-10-10T23:07:24.637941+00:00,app[web.1]:,AB_TESTING:,A,1507676833816,1507676843746,nav-cta1,sagkgk
2017-10-10T23:07:26.105684+00:00,app[web.1]:,AB_TESTING:,A,1507676833816,1507676845215,nav-cta2,sagkgk
2017-10-10T23:07:27.673415+00:00,app[web.1]:,AB_TESTING:,A,1507676833816,1507676846769,nav-cta3,sagkgk
2017-10-10T23:07:47.897294+00:00,app[web.1]:,AB_TESTING:,A,1507676835320,1507676869475,mp2,zrbftyoj
2017-10-10T23:07:53.565217+00:00,app[web.1]:,AB_TESTING:,A,1507676875129,0,0,zrbftyoj
2017-10-10T23:07:56.649321+00:00,app[web.1]:,AB_TESTING:,A,1507676833092,1507676875911,nav-cta1,bdiqlpo
2017-10-10T23:08:00.374952+00:00,app[web.1]:,AB_TESTING:,A,1507676833092,1507676879698,mp3,bdiqlpo
2017-10-10T23:08:01.480264+00:00,app[web.1]:,AB_TESTING:,A,1507676877442,0,0,pfarehs
2017-10-10T23:08:14.144529+00:00,app[web.1]:,AB_TESTING:,A,1507676893268,0,0,mdhfhu
2017-10-10T23:08:26.265513+00:00,app[web.1]:,AB_TESTING:,A,1507676905654,0,0,ntrcgu
2017-10-10T23:08:30.101689+00:00,app[web.1]:,AB_TESTING:,A,1507676910190,0,0,ioumwwjd
2017-10-10T23:08:40.068932+00:00,app[web.1]:,AB_TESTING:,A,1507676877442,1507676916006,mp1,pfarehs
2017-10-10T23:08:43.907708+00:00,app[web.1]:,AB_TESTING:,A,1507676910190,1507676923998,mp3,ioumwwjd
2017-10-10T23:08:44.638028+00:00,app[web.1]:,AB_TESTING:,A,1507676920604,0,0,pfarehs
2017-10-10T23:08:53.132974+00:00,app[web.1]:,AB_TESTING:,A,1507676920604,1507676929092,mp2,pfarehs
2017-10-10T23:08:58.364530+00:00,app[web.1]:,AB_TESTING:,A,1507676934330,0,0,pfarehs
2017-10-10T23:09:59.903516+00:00,app[web.1]:,AB_TESTING:,A,1507676999415,0,0,vjcvxsj
2017-10-10T23:10:07.742102+00:00,app[web.1]:,AB_TESTING:,A,1507676820820,1507677010244,mp3,jjaqa
2017-10-10T23:10:42.580674+00:00,app[web.1]:,AB_TESTING:,A,1507677042841,0,0,xciiszg
2017-10-10T23:10:55.568982+00:00,app[web.1]:,AB_TESTING:,A,1507677055993,0,0,ebagqds
2017-10-10T23:10:56.153541+00:00,app[web.1]:,AB_TESTING:,A,1507677042841,1507677056407,mp3,xciiszg
2017-10-10T23:10:58.214209+00:00,app[web.1]:,AB_TESTING:,A,1507677057218,0,0,gcqkwwltw
2017-10-10T23:11:02.242352+00:00,app[web.1]:,AB_TESTING:,A,1507677055993,1507677062667,cta1,ebagqds
2017-10-10T23:11:21.184337+00:00,app[web.1]:,AB_TESTING:,A,1507677057218,1507677080188,mp3,gcqkwwltw
2017-10-10T23:11:23.897154+00:00,app[web.1]:,AB_TESTING:,A,1507677055993,1507677084324,mp3,ebagqds
2017-10-10T23:11:28.254836+00:00,app[web.1]:,AB_TESTING:,A,1507677087262,0,0,gcqkwwltw
2017-10-10T23:11:33.861313+00:00,app[web.1]:,AB_TESTING:,A,1507677087262,1507677092807,nav-cta1,gcqkwwltw
2017-10-10T23:12:02.832987+00:00,app[web.1]:,AB_TESTING:,A,1507677123256,0,0,ebagqds
2017-10-10T23:12:05.757232+00:00,app[web.1]:,AB_TESTING:,A,1507677126182,0,0,ebagqds
2017-10-10T23:12:08.976234+00:00,app[web.1]:,AB_TESTING:,A,1507677129407,0,0,ebagqds
2017-10-10T23:12:11.400960+00:00,app[web.1]:,AB_TESTING:,A,1507677131835,0,0,rkmcbhzaoi
2017-10-10T23:12:12.044938+00:00,app[web.1]:,AB_TESTING:,A,1507677132474,0,0,ebagqds
2017-10-10T23:12:13.726658+00:00,app[web.1]:,AB_TESTING:,A,1507677134155,0,0,ebagqds
2017-10-10T23:12:14.801187+00:00,app[web.1]:,AB_TESTING:,A,1507677135231,0,0,ebagqds
2017-10-10T23:12:27.019896+00:00,app[web.1]:,AB_TESTING:,A,1507677145734,0,0,levnehwqej
2017-10-10T23:12:36.549648+00:00,app[web.1]:,AB_TESTING:,A,1507677131835,1507677156991,mp3,rkmcbhzaoi
2017-10-10T23:12:42.843419+00:00,app[web.1]:,AB_TESTING:,A,1507677145734,1507677161540,mp3,levnehwqej
2017-10-10T23:12:48.112642+00:00,app[web.1]:,AB_TESTING:,A,1507677166837,0,0,levnehwqej
2017-10-10T23:12:50.789921+00:00,app[web.1]:,AB_TESTING:,A,1507677166837,1507677169489,nav-cta3,levnehwqej
2017-10-10T23:13:53.004632+00:00,app[web.1]:,AB_TESTING:,A,1507677235224,0,0,bmhhnfxi
2017-10-10T23:13:57.467001+00:00,app[web.1]:,AB_TESTING:,A,1507677235224,1507677239723,nav-cta1,bmhhnfxi
2017-10-10T23:14:10.832988+00:00,app[web.1]:,AB_TESTING:,A,1507677235224,1507677253093,mp2,bmhhnfxi
2017-10-10T23:14:57.641892+00:00,app[web.1]:,AB_TESTING:,A,1507677298270,0,0,pltcup
2017-10-10T23:15:05.247525+00:00,app[web.1]:,AB_TESTING:,A,1507677298270,1507677305876,mp3,pltcup
2017-10-11T00:46:49.328241+00:00,app[web.1]:,AB_TESTING:,A,1507682809301,0,0,nzttndk
2017-10-11T02:59:11.483032+00:00,app[web.1]:,AB_TESTING:,A,1507690750989,0,0,lwhkecvdtn
2017-10-11T02:59:31.076696+00:00,app[web.1]:,AB_TESTING:,A,1507690750989,1507690770585,nav-cta1,lwhkecvdtn
2017-10-11T02:59:33.978286+00:00,app[web.1]:,AB_TESTING:,A,1507690750989,1507690773479,nav-cta3,lwhkecvdtn
2017-10-10T23:03:58.425262+00:00,app[web.1]:,AB_TESTING:,B,1507676638619,0,0,rfhmcbqet
2017-10-10T23:04:04.708899+00:00,app[web.1]:,AB_TESTING:,B,1507676611590,1507676644559,nav-cta1,uelakks
2017-10-10T23:04:12.654398+00:00,app[web.1]:,AB_TESTING:,B,1507676611590,1507676652569,mp1,uelakks
2017-10-10T23:04:13.765980+00:00,app[web.1]:,AB_TESTING:,B,1507676653733,0,0,sefpvglgdl
2017-10-10T23:04:21.734730+00:00,app[web.1]:,AB_TESTING:,B,1507676574028,1507676660880,cta1,sdrkwn
2017-10-10T23:04:22.012323+00:00,app[web.1]:,AB_TESTING:,B,1507676574028,1507676661896,cta1,sdrkwn
2017-10-10T23:04:25.481435+00:00,app[web.1]:,AB_TESTING:,B,1507676665484,0,0,mxecwnjp
2017-10-10T23:04:41.215113+00:00,app[web.1]:,AB_TESTING:,B,1507676574028,1507676681046,nav-cta1,sdrkwn
2017-10-10T23:04:42.313777+00:00,app[web.1]:,AB_TESTING:,B,1507676574028,1507676682190,nav-cta2,sdrkwn
2017-10-10T23:04:43.133368+00:00,app[web.1]:,AB_TESTING:,B,1507676574028,1507676683016,nav-cta2,sdrkwn
2017-10-10T23:04:45.272122+00:00,app[web.1]:,AB_TESTING:,B,1507676574028,1507676685143,nav-cta3,sdrkwn
2017-10-10T23:04:45.953527+00:00,app[web.1]:,AB_TESTING:,B,1507676689730,0,0,liyjrjwe
2017-10-10T23:04:46.995926+00:00,app[web.1]:,AB_TESTING:,B,1507676574028,1507676686833,nav-cta3,sdrkwn
2017-10-10T23:05:00.771458+00:00,app[web.1]:,AB_TESTING:,B,1507676699833,0,0,peveoz
2017-10-10T23:05:12.423367+00:00,app[web.1]:,AB_TESTING:,B,1507676724770,0,0,wkzexunp
2017-10-10T23:05:13.149215+00:00,app[web.1]:,AB_TESTING:,B,1507676712861,0,0,bhepxjsifq
2017-10-10T23:05:13.704907+00:00,app[web.1]:,AB_TESTING:,B,1507676713415,0,0,bhepxjsifq
2017-10-10T23:05:14.287882+00:00,app[web.1]:,AB_TESTING:,B,1507676713985,0,0,bhepxjsifq
2017-10-10T23:05:14.614763+00:00,app[web.1]:,AB_TESTING:,B,1507676714321,0,0,bhepxjsifq
2017-10-10T23:05:14.910429+00:00,app[web.1]:,AB_TESTING:,B,1507676714620,0,0,bhepxjsifq
2017-10-10T23:05:17.187183+00:00,app[web.1]:,AB_TESTING:,B,1507676716899,0,0,bhepxjsifq
2017-10-10T23:05:18.429691+00:00,app[web.1]:,AB_TESTING:,B,1507676718140,0,0,bhepxjsifq
2017-10-10T23:05:18.544953+00:00,app[web.1]:,AB_TESTING:,B,1507676699833,1507676717596,mp1,peveoz
2017-10-10T23:05:19.204354+00:00,app[web.1]:,AB_TESTING:,B,1507676731545,0,0,wkzexunp
2017-10-10T23:05:20.566056+00:00,app[web.1]:,AB_TESTING:,B,1507676720265,0,0,bhepxjsifq
2017-10-10T23:05:21.488078+00:00,app[web.1]:,AB_TESTING:,B,1507676720549,0,0,peveoz
2017-10-10T23:05:22.589275+00:00,app[web.1]:,AB_TESTING:,B,1507676731545,1507676734934,mp1,wkzexunp
2017-10-10T23:05:22.918510+00:00,app[web.1]:,AB_TESTING:,B,1507676720549,1507676721977,mp2,peveoz
2017-10-10T23:05:27.829584+00:00,app[web.1]:,AB_TESTING:,B,1507676726889,0,0,peveoz
2017-10-10T23:05:29.299269+00:00,app[web.1]:,AB_TESTING:,B,1507676726889,1507676728353,mp3,peveoz
2017-10-10T23:05:32.812150+00:00,app[web.1]:,AB_TESTING:,B,1507676731844,0,0,peveoz
2017-10-10T23:05:34.021530+00:00,app[web.1]:,AB_TESTING:,B,1507676731844,1507676733069,mp4,peveoz
2017-10-10T23:05:41.551035+00:00,app[web.1]:,AB_TESTING:,B,1507676740613,0,0,peveoz
2017-10-10T23:05:44.177795+00:00,app[web.1]:,AB_TESTING:,B,1507676740613,1507676743210,nav-cta1,peveoz
2017-10-10T23:05:48.306402+00:00,app[web.1]:,AB_TESTING:,B,1507676740613,1507676747361,nav-cta3,peveoz
2017-10-10T23:05:51.830392+00:00,app[web.1]:,AB_TESTING:,B,1507676752026,0,0,rfhmcbqet
2017-10-10T23:05:57.336977+00:00,app[web.1]:,AB_TESTING:,B,1507676740613,1507676756394,nav-cta2,peveoz
2017-10-10T23:06:01.065465+00:00,app[web.1]:,AB_TESTING:,B,1507676740613,1507676760126,cta1,peveoz
2017-10-10T23:06:08.693080+00:00,app[web.1]:,AB_TESTING:,B,1507676767752,0,0,peveoz
2017-10-10T23:06:11.040630+00:00,app[web.1]:,AB_TESTING:,B,1507676770101,0,0,peveoz
2017-10-10T23:06:12.782472+00:00,app[web.1]:,AB_TESTING:,B,1507676771840,0,0,peveoz
2017-10-10T23:06:15.188626+00:00,app[web.1]:,AB_TESTING:,B,1507676774252,0,0,peveoz
2017-10-10T23:06:15.971600+00:00,app[web.1]:,AB_TESTING:,B,1507676775035,0,0,peveoz
2017-10-10T23:06:17.211312+00:00,app[web.1]:,AB_TESTING:,B,1507676776270,0,0,peveoz
2017-10-10T23:06:22.337725+00:00,app[web.1]:,AB_TESTING:,B,1507676781402,0,0,peveoz
2017-10-10T23:06:25.665117+00:00,app[web.1]:,AB_TESTING:,B,1507676785597,0,0,onoaxfyq
2017-10-10T23:06:51.289257+00:00,app[web.1]:,AB_TESTING:,B,1507676785597,1507676811202,mp1,onoaxfyq
2017-10-10T23:07:02.399440+00:00,app[web.1]:,AB_TESTING:,B,1507676822364,0,0,gdrnglvb
2017-10-10T23:07:11.795863+00:00,app[web.1]:,AB_TESTING:,B,1507676831040,0,0,ntrcgu
2017-10-10T23:07:13.701178+00:00,app[web.1]:,AB_TESTING:,B,1507676832813,0,0,sagkgk
2017-10-10T23:07:20.532265+00:00,app[web.1]:,AB_TESTING:,B,1507676841386,0,0,pfmsgebgi
2017-10-10T23:07:30.228751+00:00,app[web.1]:,AB_TESTING:,B,1507676848610,0,0,ptejfdakds
2017-10-10T23:07:33.096049+00:00,app[web.1]:,AB_TESTING:,B,1507676853080,0,0,gpjtrljls
2017-10-10T23:07:34.277207+00:00,app[web.1]:,AB_TESTING:,B,1507676831040,1507676853635,mp1,ntrcgu
2017-10-10T23:07:36.617098+00:00,app[web.1]:,AB_TESTING:,B,1507676822364,1507676856517,cta1,gdrnglvb
2017-10-10T23:07:38.953286+00:00,app[web.1]:,AB_TESTING:,B,1507676822364,1507676858899,mp1,gdrnglvb
2017-10-10T23:07:41.985655+00:00,app[web.1]:,AB_TESTING:,B,1507676848610,1507676860368,cta1,ptejfdakds
2017-10-10T23:07:42.359628+00:00,app[web.1]:,AB_TESTING:,B,1507676860621,0,0,ptejfdakds
2017-10-10T23:07:48.269276+00:00,app[web.1]:,AB_TESTING:,B,1507676848610,1507676866659,mp1,ptejfdakds
2017-10-10T23:07:50.895832+00:00,app[web.1]:,AB_TESTING:,B,1507676869282,0,0,ptejfdakds
2017-10-10T23:07:56.526167+00:00,app[web.1]:,AB_TESTING:,B,1507676876010,0,0,ntrcgu
2017-10-10T23:07:58.524313+00:00,app[web.1]:,AB_TESTING:,B,1507676876010,1507676878081,mp3,ntrcgu
2017-10-10T23:07:59.918052+00:00,app[web.1]:,AB_TESTING:,B,1507676881211,0,0,hnraezqae
2017-10-10T23:08:05.880912+00:00,app[web.1]:,AB_TESTING:,B,1507676853080,1507676885872,cta1,gpjtrljls
2017-10-10T23:08:07.535897+00:00,app[web.1]:,AB_TESTING:,B,1507676841386,1507676888393,mp3,pfmsgebgi
2017-10-10T23:08:14.439805+00:00,app[web.1]:,AB_TESTING:,B,1507676895293,0,0,pfmsgebgi
2017-10-10T23:08:17.777790+00:00,app[web.1]:,AB_TESTING:,B,1507676853080,1507676897766,mp3,gpjtrljls
2017-10-10T23:08:18.369782+00:00,app[web.1]:,AB_TESTING:,B,1507676895293,1507676899222,cta1,pfmsgebgi
2017-10-10T23:08:25.568337+00:00,app[web.1]:,AB_TESTING:,B,1507676752026,1507676905746,cta1,rfhmcbqet
2017-10-10T23:08:28.121893+00:00,app[web.1]:,AB_TESTING:,B,1507676752026,1507676908311,mp2,rfhmcbqet
2017-10-10T23:08:32.089369+00:00,app[web.1]:,AB_TESTING:,B,1507676912285,0,0,rfhmcbqet
2017-10-10T23:08:33.518965+00:00,app[web.1]:,AB_TESTING:,B,1507676911905,0,0,ptejfdakds
2017-10-10T23:08:33.929642+00:00,app[web.1]:,AB_TESTING:,B,1507676912285,1507676914112,mp3,rfhmcbqet
2017-10-10T23:08:37.256962+00:00,app[web.1]:,AB_TESTING:,B,1507676917451,0,0,rfhmcbqet
2017-10-10T23:08:41.628010+00:00,app[web.1]:,AB_TESTING:,B,1507676922700,0,0,gimfxlfu
2017-10-10T23:08:53.264663+00:00,app[web.1]:,AB_TESTING:,B,1507676922700,1507676933538,mp3,gimfxlfu
2017-10-10T23:09:13.384859+00:00,app[web.1]:,AB_TESTING:,B,1507676953141,0,0,mau
2017-10-10T23:09:14.821099+00:00,app[web.1]:,AB_TESTING:,B,1507676955880,0,0,gimfxlfu
2017-10-10T23:09:18.233755+00:00,app[web.1]:,AB_TESTING:,B,1507676956613,0,0,ptejfdakds
2017-10-10T23:09:20.647263+00:00,app[web.1]:,AB_TESTING:,B,1507676956613,1507676959025,nav-cta2,ptejfdakds
2017-10-10T23:09:22.237046+00:00,app[web.1]:,AB_TESTING:,B,1507676956613,1507676960622,nav-cta3,ptejfdakds
2017-10-10T23:09:23.599648+00:00,app[web.1]:,AB_TESTING:,B,1507676956613,1507676961988,nav-cta1,ptejfdakds
2017-10-10T23:09:28.668298+00:00,app[web.1]:,AB_TESTING:,B,1507676968760,0,0,ioumwwjd
2017-10-10T23:10:15.116290+00:00,app[web.1]:,AB_TESTING:,B,1507677015371,0,0,xciiszg
2017-10-10T23:10:34.544584+00:00,app[web.1]:,AB_TESTING:,B,1507677015371,1507677034765,cta1,xciiszg
2017-10-10T23:10:37.149311+00:00,app[web.1]:,AB_TESTING:,B,1507677015371,1507677037410,cta1,xciiszg
2017-10-10T23:10:41.029463+00:00,app[web.1]:,AB_TESTING:,B,1507677041309,0,0,xciiszg
2017-10-10T23:11:35.474064+00:00,app[web.1]:,AB_TESTING:,B,1507677094481,0,0,gcqkwwltw
2017-10-10T23:11:42.713648+00:00,app[web.1]:,AB_TESTING:,B,1507677094481,1507677101686,mp3,gcqkwwltw
2017-10-10T23:12:07.360049+00:00,app[web.1]:,AB_TESTING:,B,1507677127786,0,0,ebagqds
2017-10-10T23:12:10.675361+00:00,app[web.1]:,AB_TESTING:,B,1507677131105,0,0,ebagqds
2017-10-10T23:12:15.856467+00:00,app[web.1]:,AB_TESTING:,B,1507677136285,0,0,ebagqds
2017-10-10T23:12:17.027682+00:00,app[web.1]:,AB_TESTING:,B,1507677137429,0,0,ebagqds
2017-10-10T23:12:24.283767+00:00,app[web.1]:,AB_TESTING:,B,1507677143602,0,0,mnrxyrz
2017-10-10T23:12:50.973269+00:00,app[web.1]:,AB_TESTING:,B,1507677170955,0,0,tzciwjtvd
2017-10-10T23:12:59.902261+00:00,app[web.1]:,AB_TESTING:,B,1507677170955,1507677179891,cta1,tzciwjtvd
2017-10-10T23:13:00.195141+00:00,app[web.1]:,AB_TESTING:,B,1507677143602,1507677179522,nav-cta1,mnrxyrz
2017-10-10T23:13:02.846591+00:00,app[web.1]:,AB_TESTING:,B,1507677170955,1507677182818,nav-cta1,tzciwjtvd
2017-10-10T23:13:04.778330+00:00,app[web.1]:,AB_TESTING:,B,1507677170955,1507677184765,nav-cta2,tzciwjtvd
2017-10-10T23:13:05.913327+00:00,app[web.1]:,AB_TESTING:,B,1507677143602,1507677185234,mp2,mnrxyrz
2017-10-10T23:13:09.061538+00:00,app[web.1]:,AB_TESTING:,B,1507677170955,1507677189041,nav-cta3,tzciwjtvd
2017-10-10T23:13:12.271139+00:00,app[web.1]:,AB_TESTING:,B,1507677170955,1507677192251,mp1,tzciwjtvd
2017-10-10T23:13:15.397815+00:00,app[web.1]:,AB_TESTING:,B,1507677170955,1507677195380,mp3,tzciwjtvd
2017-10-10T23:13:24.795679+00:00,app[web.1]:,AB_TESTING:,B,1507677204785,0,0,tzciwjtvd
2017-10-10T23:13:29.925853+00:00,app[web.1]:,AB_TESTING:,B,1507677209253,0,0,mnrxyrz
2017-10-10T23:13:33.394733+00:00,app[web.1]:,AB_TESTING:,B,1507677209253,1507677212731,mp1,mnrxyrz
2017-10-10T23:13:48.982847+00:00,app[web.1]:,AB_TESTING:,B,1507677228316,0,0,mnrxyrz
2017-10-10T23:13:51.400917+00:00,app[web.1]:,AB_TESTING:,B,1507677228316,1507677230728,mp2,mnrxyrz
2017-10-10T23:13:52.444989+00:00,app[web.1]:,AB_TESTING:,B,1507676881211,1507677233729,cta1,hnraezqae
2017-10-10T23:13:54.372282+00:00,app[web.1]:,AB_TESTING:,B,1507676881211,1507677235723,mp1,hnraezqae
2017-10-10T23:13:56.385172+00:00,app[web.1]:,AB_TESTING:,B,1507677235713,0,0,mnrxyrz
2017-10-10T23:13:57.616120+00:00,app[web.1]:,AB_TESTING:,B,1507677235713,1507677236938,mp3,mnrxyrz
2017-10-10T23:13:57.734534+00:00,app[web.1]:,AB_TESTING:,B,1507677239085,0,0,hnraezqae
2017-10-10T23:13:59.294532+00:00,app[web.1]:,AB_TESTING:,B,1507677239085,1507677240645,mp4,hnraezqae
2017-10-10T23:14:03.170587+00:00,app[web.1]:,AB_TESTING:,B,1507677244485,0,0,hnraezqae
2017-10-10T23:14:11.833074+00:00,app[web.1]:,AB_TESTING:,B,1507677251149,0,0,mnrxyrz
2017-10-10T23:14:13.577791+00:00,app[web.1]:,AB_TESTING:,B,1507677251149,1507677252907,mp4,mnrxyrz
2017-10-10T23:14:18.643234+00:00,app[web.1]:,AB_TESTING:,B,1507677257958,0,0,mnrxyrz
2017-10-10T23:16:34.950086+00:00,app[web.1]:,AB_TESTING:,B,1507677397139,0,0,ctyhplvjjq
2017-10-10T23:33:41.652288+00:00,app[web.1]:,AB_TESTING:,B,1507678421624,0,0,cigwzzoerc
2017-10-10T23:33:46.485048+00:00,app[web.1]:,AB_TESTING:,B,1507678421624,1507678426460,cta1,cigwzzoerc
2017-10-10T23:33:49.853239+00:00,app[web.1]:,AB_TESTING:,B,1507678421624,1507678429831,mp1,cigwzzoerc
2017-10-10T23:33:52.248539+00:00,app[web.1]:,AB_TESTING:,B,1507678432214,0,0,cigwzzoerc
2017-10-10T23:33:56.954740+00:00,app[web.1]:,AB_TESTING:,B,1507678432214,1507678436927,cta1,cigwzzoerc
2017-10-10T23:33:59.856723+00:00,app[web.1]:,AB_TESTING:,B,1507678432214,1507678439828,mp3,cigwzzoerc
2017-10-11T00:47:17.928293+00:00,app[web.1]:,AB_TESTING:,B,1507682837938,0,0,ntuilp
2017-10-11T03:00:53.606496+00:00,app[web.1]:,AB_TESTING:,B,1507690853117,0,0,lwhkecvdtn
2017-10-11T03:01:11.223001+00:00,app[web.1]:,AB_TESTING:,B,1507690870728,0,0,lwhkecvdtn
2017-10-11T03:02:05.185208+00:00,app[web.1]:,AB_TESTING:,B,1507690924690,0,0,lwhkecvdtn
2017-10-11T03:02:18.393069+00:00,app[web.1]:,AB_TESTING:,B,1507690924690,1507690937898,cta1,lwhkecvdtn
2017-10-11T04:11:39.886375+00:00,app[web.1]:,AB_TESTING:,B,1507695098880,0,0,asuafha